"","Intercept","PE Estimate Coefficient","Intercept Std. Error","PE Estimate Std. Error","Intercept p-value","PE p-value"
"30",-0.138057958955995,0.0149002802193076,0.00174088794598716,0.000832944909116742,5.60577737024233e-20,0.036760603542392
"31",-0.139295360576036,0.0151069205432852,0.00158921099165074,0.000844322987120036,8.36168597922214e-20,0.059973238612069
"32",-0.140215912380849,0.0153172699831058,0.00141683951360619,0.000855905742745073,1.5083441526085e-19,0.0980321727453519
"33",-0.141123108811783,0.0155175955847915,0.0012432744548056,0.000866923405940304,2.5531985712876e-19,0.151719154798208
"34",-0.142059062306109,0.0157110664224203,0.00107151186907517,0.000877555072781286,4.0427011964236e-19,0.222246173078207
"35",-0.142674113753059,0.0159107471660615,0.000879192137500951,0.000888527820096323,7.75663308608271e-19,0.322561367357852
"36",-0.14304536588765,0.016115044128424,0.000671449292252562,0.000899757025535614,1.69691044419931e-18,0.45561486120172
"37",-0.143179209672622,0.0163189478824411,0.000448357129773708,0.000910963122154742,4.08458718713902e-18,0.62265563938589
"38",-0.143283709158581,0.0165225386639267,0.000224686268656955,0.000922149415096903,9.66705574156089e-18,0.807527225988896
"39",-0.143171987705249,0.0167294456888043,-1.27672908693855e-05,0.000933523379686892,2.50857855207035e-17,0.989089700153192
"40",-0.14286971383794,0.0169303808827691,-0.000263788864441714,0.000944556403594093,6.73357458467487e-17,0.780069249648263
"41",-0.142600488516736,0.0171230496247813,-0.000511621595534535,0.000955124789000157,1.66277340903924e-16,0.592263569420888
"42",-0.142487859998612,0.0173082029411862,-0.000750710543404337,0.000965275196625408,3.59918160725435e-16,0.436843687667818
"43",-0.142720777893976,0.0174834424385498,-0.000967306146411734,0.000974875836192813,6.26351237676001e-16,0.321223254237814
"44",-0.143308104207063,0.0176506403950594,-0.00116222952351807,0.000984022436472187,8.89426773529101e-16,0.237727183767246
"45",-0.143915962594623,0.0178162141993552,-0.00135612055878407,0.000993077564421979,1.23408977818614e-15,0.172252730950939
"46",-0.144406887966432,0.0179846385719915,-0.00155593854511871,0.00100229844608511,1.80659141017189e-15,0.120759076282415
"47",-0.145030884942565,0.0181556740481537,-0.00174709565590468,0.00101166860747265,2.49719356423211e-15,0.0843587294468141
"48",-0.145713174127977,0.0183257345475234,-0.00193409060818179,0.00102099484713185,3.33122666179525e-15,0.0583517822894179
"49",-0.1466564665753,0.0184875707461598,-0.00210339173895602,0.00102986410354514,3.85035106991589e-15,0.0412658590270011
"50",-0.14786785750267,0.0186427734175298,-0.00225617045929438,0.00103836977441422,3.88352707211829e-15,0.0299328907342705
"51",-0.149191455666776,0.0187891558799386,-0.00240326285611256,0.00104637860596216,3.6322707975894e-15,0.021754435841287
"52",-0.150613044878623,0.0189292127264671,-0.00254528507691036,0.00105402084830892,3.19942314490963e-15,0.0158473629672874
"53",-0.151976979564676,0.019066428900561,-0.00269017836028592,0.00106150957619547,2.86352000893252e-15,0.0113565337618442
"54",-0.152903853343769,0.019200109554386,-0.00286270266911495,0.00106880572947163,3.03046883429172e-15,0.00746855237526423
"55",-0.153859336389039,0.019331241432391,-0.00303478105568794,0.00107594410249989,3.14199767500122e-15,0.00484952398335152
"56",-0.154873044082139,0.0194584483144716,-0.00320561627564055,0.00108285293088828,3.14149499818945e-15,0.00311562073185138
"57",-0.155971005608915,0.019571732143201,-0.00337042916315548,0.00108899396947611,2.90624059606224e-15,0.00200036269129279
"58",-0.157582725662163,0.0196668350411987,-0.00350414018258285,0.00109411574739285,2.07053789422676e-15,0.00138667536815354
"59",-0.159351388132048,0.0197521541012687,-0.00362676188856542,0.00109870178719883,1.34495289638021e-15,0.000983611757257102
"60",-0.161033007145633,0.0198308132270005,-0.00375491674265485,0.00110291335216521,8.86219926483187e-16,0.000678226859185631
"61",-0.162968473672512,0.0198896161841864,-0.0038685200522353,0.00110600050068929,4.94549824180122e-16,0.000481327094840554
"62",-0.164516069808701,0.0199313974759228,-0.00400801850063569,0.00110811611883928,3.0460091809546e-16,0.000306832834197025
"63",-0.16574782165385,0.0199587583221486,-0.00416877713544074,0.00110941307760636,2.02900547526424e-16,0.000177350533206503
"64",-0.166664477202758,0.0199822852239429,-0.0043489127725753,0.00111049618992607,1.51487838505417e-16,9.35424191230419e-05
"65",-0.167218143159347,0.0200061727483936,-0.0045558603166625,0.00111158466823035,1.31221878894429e-16,4.3553159497608e-05
"66",-0.167451571455494,0.0200284287541525,-0.00478184866137396,0.00111258988787965,1.28772168746361e-16,1.82241979016055e-05
"67",-0.167251110234545,0.0200485675702704,-0.00503203303866927,0.00111349061946477,1.49613662655624e-16,6.64105411465629e-06
"68",-0.166958662197365,0.0200652649652362,-0.00528487767073186,0.00111420535529798,1.78226515327867e-16,2.28139911438207e-06
"69",-0.166606834395325,0.0200821082848746,-0.00553992572333784,0.00111493243252622,2.1740136165504e-16,7.42019696333783e-07
"70",-0.166367737228618,0.0201010991587872,-0.00578915729445396,0.00111577419418027,2.55054529850983e-16,2.37731724202494e-07
"71",-0.165845349535627,0.0201278749150175,-0.00605780771718833,0.00111704628283324,3.43576061826767e-16,6.71031751670794e-08
"72",-0.165380602892191,0.0201566353890632,-0.00632318444589495,0.00111842700267579,4.54378033449337e-16,1.84236765740407e-08
"73",-0.165342107611959,0.0201860762980219,-0.0065615860837863,0.00111984003698494,5.07886366468239e-16,5.5792884745742e-09
"74",-0.165641653264261,0.0202195229247507,-0.00677668858500225,0.00112147918314542,5.0297282513828e-16,1.86383125748678e-09
"75",-0.166543545161839,0.0202521257118741,-0.0069514909997656,0.00112307663708559,3.91514412902857e-16,7.5624893408651e-10
"76",-0.168003201807822,0.0202883373252922,-0.00709086007305423,0.00112487317679626,2.47104233967282e-16,3.7074264545475e-10
"77",-0.17019499884478,0.0203363351813295,-0.00718285913207538,0.00112731983672864,1.20902018186815e-16,2.41107044565704e-10
"78",-0.173098736108179,0.0203972982631051,-0.0072284984069093,0.00113048912638893,4.62340644334848e-17,2.08898038854027e-10
"79",-0.176591538301125,0.0204647016664613,-0.00723785719509305,0.00113401250281005,1.41321761158165e-17,2.25004081573365e-10
"80",-0.18070801565009,0.0205375815350571,-0.00721170719615704,0.00113784300435813,3.37129721103074e-18,2.98550175613753e-10
"81",-0.1853905074838,0.0206105232390044,-0.00714955917645297,0.00114167233944559,6.24976109181672e-19,4.81115398801449e-10
"82",-0.190355285252574,0.0206888110167671,-0.00707149028649311,0.00114579534151502,1.02731696122248e-19,8.4621392292022e-10
"83",-0.195690128620433,0.020776829662561,-0.00697052981829939,0.00115045360108392,1.46367408846784e-20,1.68991456262565e-09
"84",-0.200521153037401,0.0208706878825444,-0.00689933562792007,0.00115543535896414,2.60974864364943e-21,2.87176272142545e-09
"85",-0.204831426163335,0.0209677610544078,-0.00686039142897281,0.00116060299490671,5.86911749333983e-22,4.11383018820401e-09
"86",-0.209018122726225,0.0210681256045596,-0.00682886073055865,0.00116593825983234,1.40536732769427e-22,5.66781637204062e-09
"87",-0.212635252005694,0.0211726934497638,-0.00683107909008453,0.00117151241616413,4.41445741014937e-23,6.60470689473237e-09
"88",-0.215908573471388,0.0212803758110668,-0.00685216436903936,0.00117726155307156,1.64312439424941e-23,7.02793224518982e-09
"89",-0.219159200311092,0.0213884312395703,-0.00687377566235617,0.00118302240114818,6.19906621357331e-24,7.4560928147083e-09
"90",-0.222455069471127,0.021504755597699,-0.00689048548903383,0.00118924389147724,2.38617271147225e-24,8.20473182650171e-09
"91",-0.225907743431019,0.0216295874603776,-0.00689610773551708,0.00119592735193164,8.92768946265715e-25,9.64165251374931e-09
"92",-0.229688941967134,0.0217560766371235,-0.00687973741682186,0.00120271096428507,2.90611023176908e-25,1.25968686029887e-08
"93",-0.234071664103931,0.0218779126171183,-0.00682244885112124,0.00120925863475099,7.0277327720218e-26,1.97456198994999e-08
"94",-0.238234958953982,0.0219988609519106,-0.00677901627504635,0.00121577204245489,1.87311184570334e-26,2.87010435944655e-08
"95",-0.242608523514012,0.0221271777331033,-0.00672515706661786,0.00122267804880609,4.70567006907361e-27,4.3834316892035e-08
"96",-0.247252739754164,0.0222671092348399,-0.00665178425488711,0.0012302271121195,1.10832328683829e-27,7.34556574476625e-08
"97",-0.251599186613288,0.0224053810999935,-0.00659454013160749,0.00123767957746428,2.98494355412571e-28,1.12853135525691e-07
"98",-0.256199274856263,0.0225406434072183,-0.00652214566938199,0.00124496059300754,7.04810655396284e-29,1.82325443247091e-07
"99",-0.261139614921672,0.0226635910622902,-0.0064288558946133,0.00125154317256361,1.32845736530919e-29,3.12667436954528e-07
"100",-0.265911331158784,0.0227843511518648,-0.00634842893569664,0.00125797069508388,2.67911706602969e-30,4.99474592035578e-07
"101",-0.270747383137688,0.0229114000698767,-0.00626335805445876,0.00126473790018525,5.43023799304711e-31,8.08492128774092e-07
"102",-0.275344123910537,0.0230410169654224,-0.00619110394116191,0.00127165699914146,1.25515940566192e-31,1.23182202397273e-06
"103",-0.279439522434906,0.0231647322658648,-0.00614797540379834,0.0012782513367577,3.58102633751385e-32,1.64954440504141e-06
"104",-0.283330278092365,0.0232760370319427,-0.00611497336283512,0.0012841518699011,1.0525380803165e-32,2.08610514570451e-06
"105",-0.2867219538759,0.0233780710217832,-0.00611191499100901,0.00128954212548845,3.73845386612102e-33,2.32571610969251e-06
"106",-0.28949161753423,0.023479761293509,-0.00614512703286654,0.00129492189555358,1.7959230305033e-33,2.25931041305688e-06
"107",-0.291578844952141,0.0235813408221765,-0.00621758826512572,0.00130029937597963,1.20300347469074e-33,1.89374812429655e-06
"108",-0.292695765526776,0.0236792871908894,-0.00634482872160335,0.00130549421341794,1.2611681261032e-33,1.28513477463837e-06
"109",-0.293264192839219,0.02377736335937,-0.0065091431930835,0.0013107013690256,1.71931788205565e-33,7.53990823364775e-07
"110",-0.293567408775742,0.0238737794594294,-0.00669267242564009,0.00131581958207686,2.62466232871331e-33,4.06946927571848e-07
"111",-0.293687158668833,0.0239646372333099,-0.00688846407529378,0.00132063874520884,4.21190048976322e-33,2.06053772566185e-07
"112",-0.293724998960138,0.0240520048577096,-0.00708828236732759,0.00132528387250944,6.85090982509101e-33,1.01183777664716e-07
"113",-0.293161637284653,0.0241484941045966,-0.00732906314353199,0.00133043515453399,1.5439720731674e-32,4.18907169605467e-08
"114",-0.292336071797253,0.0242572433346554,-0.00759647812529623,0.00133625307824206,4.1580485729392e-32,1.54668929996674e-08
"115",-0.291743971910981,0.0243669393676393,-0.00785232749652423,0.0013421099171217,9.97328277242029e-32,5.89879518571366e-09
"116",-0.291091854944806,0.0244701563207815,-0.00811132273407203,0.00134762077564415,2.34420052681447e-31,2.16185176320508e-09
"117",-0.290231988378545,0.024576576985554,-0.00838661465966078,0.00135329853922383,6.07610963884315e-31,7.26121930005402e-10
"118",-0.289178705070436,0.0246910777717825,-0.00867581144489806,0.00135943407925055,1.76346752902324e-30,2.27214619117525e-10
"119",-0.287927032535786,0.0248106841885325,-0.00897772102646973,0.00136583516701181,5.6285028796042e-30,6.61213518429541e-11
"120",-0.286396100376601,0.0249310327892898,-0.00929633287155322,0.00137226763712418,1.99274318102981e-29,1.73804783520081e-11
"121",-0.284607726500041,0.0250457910123191,-0.00963309796697181,0.00137838068154373,7.48638542478383e-29,4.02910617956442e-12
"122",-0.282327703070186,0.0251616774585964,-0.01000155094402,0.00138455311624419,3.38916382991491e-28,7.7367845200472e-13
"123",-0.28008074032891,0.025281156108225,-0.0103708286031546,0.0013909212041094,1.49334916915037e-27,1.44103619439786e-13
"124",-0.27766339434017,0.0254028096627273,-0.0107510050971983,0.00139740069403794,6.90862231189188e-27,2.46277405865254e-14
"125",-0.275119033558885,0.0255255704252045,-0.0111414913406154,0.00140393621210239,3.27142630635565e-26,3.85777981743889e-15
"126",-0.273036611578,0.025653222268018,-0.0115005146677469,0.00141077525063464,1.27648831787466e-25,7.07728124427481e-16
"127",-0.27165840821495,0.0257803435320005,-0.0118136540240703,0.00141759911417505,3.68381877416469e-25,1.647938133781e-16
"128",-0.270686726279644,0.0259039767232019,-0.0121028174604275,0.0014242378050028,8.80737932450947e-25,4.30763475800601e-17
"129",-0.269769040908896,0.0260304040074051,-0.0123895529213291,0.00143101360501127,2.05590964685083e-24,1.13819836852851e-17
"130",-0.268577763051631,0.0261601744652158,-0.0126949458431984,0.0014379488447085,5.30611244021395e-24,2.69053516175103e-18
"131",-0.267320413513184,0.0262924964012426,-0.0130033320818706,0.00144502431463976,1.39267074585486e-23,6.228046348323e-19
"132",-0.26601473018571,0.0264234063420426,-0.0133135988915985,0.00145201748225712,3.63579761268879e-23,1.40480554697856e-19
"133",-0.264294241888982,0.0265497950105579,-0.0136517689907222,0.00145874922199895,1.06426507574749e-22,2.6037645736296e-20
"134",-0.262103777178164,0.026672230451948,-0.0140187949237135,0.0014652787417947,3.55112663908703e-22,3.92654681832925e-21
"135",-0.260174396393118,0.0267917409525019,-0.0143689021505779,0.00147165581416698,1.04616391061445e-21,6.40640223568282e-22
"136",-0.258595132920234,0.0269113804392354,-0.0146971843472637,0.0014780282318996,2.68024057481479e-21,1.18292308077966e-22
"137",-0.257395750650149,0.0270272407819099,-0.0150010890826773,0.00148419417884589,5.86878512125981e-21,2.49368140719629e-23
"138",-0.256313518337319,0.0271427329062644,-0.0152972622980906,0.00149034215937566,1.21876071857733e-20,5.47498135281425e-24
"139",-0.255605992765507,0.0272566375766043,-0.0155707253950852,0.00149637689011519,2.20031476410511e-20,1.37497864019412e-24
"140",-0.255160783602255,0.0273664095239358,-0.0158268273212003,0.00150218892637528,3.57008358136715e-20,3.79590370979727e-25
"141",-0.254705600802434,0.0274694799386367,-0.0160843739655347,0.00150761798186645,5.65972260164796e-20,1.00651027075468e-25
"142",-0.253826754976254,0.0275730047298015,-0.0163695005075195,0.00151308974131778,1.02353544841004e-19,2.21472722668159e-26
"143",-0.252760957371679,0.0276759727656961,-0.016667539743716,0.0015185186729459,1.94508526396581e-19,4.42119512876488e-27
"144",-0.251793799303352,0.0277752576588601,-0.0169605316058078,0.00152374109976635,3.51367381925468e-19,8.92310431824633e-28
"145",-0.250888652603804,0.0278689491055034,-0.0172485796298214,0.00152866820929382,6.08000111336712e-19,1.80731243255481e-28
"146",-0.249926030727985,0.0279625479668767,-0.0175408331778248,0.00153360114478857,1.06310307459594e-18,3.52982415969562e-29
"147",-0.249007241598498,0.0280535136250916,-0.0178317398537461,0.0015383770853337,1.80793428017914e-18,6.81858582288997e-30
"148",-0.248295087017532,0.0281395552624278,-0.018111991622536,0.00154285231782376,2.83155925095524e-18,1.3744299616063e-30
"149",-0.248237128587445,0.0282238362908756,-0.0183513318771006,0.00154721123671162,3.60762710100124e-18,3.64206002612018e-31
"150",-0.248189288224585,0.0283037552652165,-0.0185915790904929,0.00155134226034663,4.52067871925551e-18,9.36991129535556e-32
"151",-0.248212484528024,0.0283742717789169,-0.0188261135029533,0.00155500257473869,5.40189175476479e-18,2.40099671588801e-32
"152",-0.248792046508137,0.02844024083163,-0.0190273711418149,0.00155841127796037,5.40088972915117e-18,7.61508025168056e-33
"153",-0.249877208674979,0.0285050789258377,-0.0191977033844068,0.00156173817578543,4.63365177857975e-18,2.9914609115292e-33
"154",-0.250888166289789,0.028569623541131,-0.0193730616840425,0.00156505280384517,4.06260781283625e-18,1.13058628902942e-33
"155",-0.251966328185549,0.028633947772372,-0.0195444538203399,0.00156836966561221,3.49098634463301e-18,4.39360672785406e-34
"156",-0.253103062227397,0.0286954733372527,-0.0197141481990879,0.00157151930746671,2.92782996063427e-18,1.70073659287441e-34
"157",-0.253986822468378,0.028755501597796,-0.0198995307098954,0.00157462286394316,2.63755240202642e-18,5.83581005307036e-35
"158",-0.255016206169632,0.0288142139147873,-0.0200754947017535,0.00157765365486169,2.26858291805923e-18,2.12751060001851e-35
"159",-0.255891036046341,0.0288652935959028,-0.0202619492482805,0.00158026591752139,2.00283092465129e-18,6.88719541556549e-36
"160",-0.256777014116523,0.0289095926452216,-0.0204476959569685,0.00158252035744711,1.73168104336932e-18,2.15917314923394e-36
"161",-0.25772542985866,0.0289529363460508,-0.0206282467519028,0.00158471762602239,1.46639186665711e-18,6.97234143939081e-37
"162",-0.25854712680013,0.0289950318065151,-0.0208159860491712,0.00158687143071467,1.28528572456738e-18,2.11706543143038e-37
"163",-0.259197912887791,0.0290357502294078,-0.0210126867753342,0.00158901764658817,1.18100393818335e-18,5.98055477564708e-38
"164",-0.260034526569681,0.0290745509952969,-0.0211990335854658,0.00159104817165234,1.02200411166444e-18,1.79807467591279e-38
"165",-0.260688690687302,0.0291137930749461,-0.0213965617743476,0.00159315184747877,9.34799065158297e-19,4.98275046228707e-39
"166",-0.261111825534873,0.0291580883364895,-0.0216067898097776,0.00159563587382965,9.28064149690328e-19,1.2975633039204e-39
"167",-0.261524997218427,0.0292060332544476,-0.0218192017834383,0.00159831429607446,9.3308213649048e-19,3.37684285725769e-40
"168",-0.262474977271067,0.0292584547882031,-0.0219976201086745,0.0016011966033594,8.10214385666981e-19,1.16278740545427e-40
"169",-0.264260669609925,0.029313912437632,-0.0221244941108928,0.00160426454325652,5.54132085478083e-19,6.07305170465864e-41
"170",-0.266522744274137,0.029377448606063,-0.0222214969766386,0.00160771844785892,3.36184704826017e-19,4.16475666887848e-41
"171",-0.269088986289437,0.0294512052439106,-0.0222983616322567,0.00161171674147363,1.91424920092505e-19,3.5382386694835e-41
"172",-0.272023053179752,0.0295328120301081,-0.0223514136639608,0.00161609584523197,9.97087882176272e-20,3.76076998415913e-41
"173",-0.275089669610132,0.0296251910163441,-0.0223949520232778,0.00162110474750858,5.13824281770193e-20,4.5932174733596e-41
"174",-0.278480459623701,0.0297243236440433,-0.0224169419036229,0.00162646645517652,2.4461705179681e-20,6.84872751829763e-41
"175",-0.282070164728083,0.0298236873819569,-0.0224254385435234,0.00163184816667956,1.09629943328603e-20,1.12943096035446e-40
"176",-0.285959753985226,0.0299232399862162,-0.0224145088993946,0.00163723527614014,4.48109615816329e-21,2.14695048111814e-40
"177",-0.289786274519254,0.030022523131083,-0.0224070234097626,0.00164263100431094,1.86223273198277e-21,3.95670047706879e-40
"178",-0.293611777092506,0.0301200149542532,-0.0223967078269934,0.0016479215337342,7.68694763588296e-22,7.32580623265226e-40
"179",-0.297590752463378,0.030218100832938,-0.0223757589768762,0.00165321847319197,3.02589295074443e-22,1.45953471742941e-39
"180",-0.30163583851767,0.0303125704661149,-0.022349131543299,0.00165831094599143,1.15144297205908e-22,2.95103069679145e-39
"181",-0.305854553265656,0.030403371676638,-0.0223112626743626,0.0016631687417583,4.09134422943758e-23,6.28636308522596e-39
"182",-0.310020305307504,0.0304904355772078,-0.0222791425025925,0.00166784085117715,1.45572776118356e-23,1.25275272553196e-38
"183",-0.313934768753851,0.030568347746963,-0.022262614140847,0.00167203109292084,5.42648495356581e-24,2.11798631238518e-38
"184",-0.31757577723914,0.030641641290816,-0.0222635531721604,0.00167598205503524,2.16687962840932e-24,3.07637549123559e-38
"185",-0.321052538391197,0.0307111242511182,-0.0222728463313435,0.00167967193526967,8.98146713362429e-25,4.09705473917674e-38
"186",-0.324361193934883,0.0307688057100449,-0.0222941293301107,0.00168269688147203,3.766609391212e-25,4.69798563553336e-38
"187",-0.327530050782003,0.0308194617538541,-0.0223270753896924,0.00168531698282781,1.60879970190767e-25,4.77053208251134e-38
"188",-0.330632929496786,0.0308667795858691,-0.0223643636514532,0.00168774473684704,6.91923544383276e-26,4.61281913622561e-38
"189",-0.333505435541172,0.0309166298094553,-0.0224214915293201,0.00169026507702643,3.22845434931122e-26,3.9092433291341e-38
"190",-0.336031322186323,0.0309647706829886,-0.0225025532771003,0.00169270349780377,1.67457630451873e-26,2.77538290899854e-38
"191",-0.338413566236623,0.0310070596680875,-0.022594234939757,0.00169481680610199,8.90667081293684e-27,1.77277470588068e-38
"192",-0.340349514345556,0.0310441902410181,-0.0227156955548006,0.00169667369028675,5.38218251050221e-27,8.94317967737573e-39
"193",-0.342107894796832,0.0310756041935664,-0.0228471689630496,0.00169823696340824,3.37609677284922e-27,4.08104539564774e-39
"194",-0.343938066440846,0.0311055377366809,-0.0229768811523852,0.00169968974740255,2.05531131761439e-27,1.86323367491924e-39
"195",-0.345354283394624,0.0311343774744102,-0.0231331669559297,0.00170110818512592,1.42920034043946e-27,6.99514194500063e-40
"196",-0.346434174176553,0.03116421422288,-0.0233102924457749,0.00170261796362401,1.1155135690288e-27,2.27390227407685e-40
"197",-0.347703800732881,0.031190581620131,-0.0234752160242492,0.00170393785204675,8.06866961771668e-28,7.89392893942547e-41
"198",-0.348875685015077,0.0312137536635498,-0.0236452698423854,0.00170513373326579,5.95729033656296e-28,2.59855632923216e-41
"199",-0.35018108776993,0.0312345139250476,-0.0238122080548956,0.00170625443806815,4.16760438178789e-28,8.65077673725859e-42
"200",-0.351369655879373,0.0312586147566069,-0.0239871335381449,0.00170758349049388,3.06919440265331e-28,2.76451112788988e-42
"201",-0.352267410337578,0.0312844314604771,-0.0241824470751772,0.0017090408345352,2.50768429930051e-28,7.67584019311057e-43
"202",-0.352992175030574,0.0313122094524233,-0.0243910655003135,0.00171062442986197,2.18761093563631e-28,1.94806069903783e-43
"203",-0.353546681234625,0.031345371582404,-0.0246091659752761,0.00171252805579769,2.06230230537048e-28,4.74283305342406e-44
"204",-0.354103053679781,0.0313810854985379,-0.0248270983596065,0.00171459143481838,1.96199721407185e-28,1.17053599047272e-44
"205",-0.354722165192202,0.031416659703257,-0.025044391637369,0.00171661358585522,1.82702710948693e-28,2.87701649516947e-45
"206",-0.355387267474065,0.0314518378151387,-0.0252605620030988,0.0017185869650476,1.67310079630029e-28,7.06206236512355e-46
"207",-0.35626153162716,0.031485487437662,-0.0254639476785677,0.00172047626964677,1.42064827256857e-28,1.8835536961183e-46
"208",-0.356970557158009,0.0315232916517259,-0.0256781957327324,0.00172257953811885,1.29525383993918e-28,4.72186955953409e-47
"209",-0.357617064576978,0.031568804671713,-0.0258967249254434,0.0017251256422266,1.24174600248051e-28,1.20083994851304e-47
"210",-0.358527495840082,0.0316202429146893,-0.0261017988629717,0.00172796991853269,1.11497798432045e-28,3.49409301714523e-48
"211",-0.35942619622648,0.031674967121751,-0.0263075054601168,0.00173096845361071,1.01792734999088e-28,1.02871918654178e-48
"212",-0.360426705359639,0.0317296413909704,-0.0265063683747428,0.00173399357019883,8.98438320437084e-29,3.1991344398679e-49
"213",-0.361676386019367,0.0317918504572328,-0.0266901150415438,0.0017374076576401,7.51270816341255e-29,1.16964439743649e-49
"214",-0.362924115889483,0.0318550783041271,-0.0268726937060742,0.0017408283571081,6.31363261622107e-29,4.32079922809964e-50
"215",-0.364263116359933,0.031912072536633,-0.0270512436756157,0.00174390321990996,5.02984545924146e-29,1.58074838161496e-50
"216",-0.365409166668518,0.0319628764057428,-0.0272414120964157,0.00174665252350736,4.17504868533859e-29,5.08345276819693e-51
"217",-0.366095530013464,0.0320100625522776,-0.0274593998106184,0.00174919295257011,3.98305485969675e-29,1.28343591617203e-51
"218",-0.366750633178201,0.0320593131397799,-0.0276809311381225,0.00175183933118608,3.87012560836107e-29,3.18665421735189e-52
"219",-0.367477526295116,0.0321112942830594,-0.0278980123010092,0.00175465708888481,3.71064343167921e-29,8.35167055160928e-53
"220",-0.36855992930637,0.0321675187711216,-0.0280912896142576,0.0017577552560097,3.21505078693465e-29,2.72764784867092e-53
"221",-0.370391641216163,0.0322277973355331,-0.0282354527691618,0.0017610667768038,2.20913321700692e-29,1.34441398944841e-53
"222",-0.372632181630687,0.0322909899208637,-0.0283558398524453,0.0017645699694301,1.34128674405564e-29,8.18590546599352e-54
"223",-0.375398758095945,0.0323610667017697,-0.0284444972045543,0.00176841738461516,7.02549635076127e-30,6.67777621793274e-54
"224",-0.378794383105472,0.032435560712587,-0.0284960801280545,0.00177248603642767,3.03683244377619e-30,7.48272193030966e-54
"225",-0.382158729994118,0.0325079533309949,-0.0285491473129237,0.00177638925032423,1.31472304371989e-30,8.11476012596797e-54
"226",-0.385669486767525,0.032575688939873,-0.0285952506343967,0.00177996502490245,5.31638244119566e-31,8.91394574486047e-54
"227",-0.389003439378552,0.0326405857042774,-0.0286533466889425,0.00178336471471389,2.25269062020964e-31,8.72813538690475e-54
"228",-0.391854348679469,0.0327030757782992,-0.0287392916618363,0.00178667830415288,1.11132132261956e-31,6.81984206680407e-54
"229",-0.394592013373013,0.0327620168379206,-0.028830634377327,0.0017897757668649,5.61295590895957e-32,4.97976690847176e-54
"230",-0.39706616522433,0.032812793538988,-0.0289393156576475,0.00179240886257144,2.99662566700917e-32,3.00465261716545e-54
"231",-0.399417015773321,0.0328616985651079,-0.0290527624877993,0.00179493815782236,1.6547563406291e-32,1.72627322279156e-54
"232",-0.401971836527455,0.0329111055638974,-0.0291522244187771,0.00179749292801412,8.54067496628223e-33,1.10923239969658e-54
"233",-0.404821646397622,0.0329639244857653,-0.0292291501436424,0.00180019086137537,4.04139607087139e-33,8.64137181494147e-55
"234",-0.407652758330792,0.0330133540156335,-0.0293074630918482,0.00180269042870119,1.89577123833993e-33,6.50087477198397e-55
"235",-0.410378247886194,0.0330600171468893,-0.0293941466356039,0.00180506256761712,9.10420927268232e-34,4.51508551758104e-55
"236",-0.412485266504656,0.0331025382376124,-0.02952062435789,0.00180724724149018,5.30798435136615e-34,2.25497942788022e-55
"237",-0.414298294424016,0.0331418354113376,-0.029664087383627,0.00180925541616728,3.37633210384339e-34,9.66271741741851e-56
"238",-0.41581233428945,0.033181789193723,-0.0298263372374674,0.00181126020683313,2.38728457742158e-34,3.57838531637248e-56
"239",-0.416944222178917,0.0332216712291193,-0.0300123237644888,0.00181328653487536,1.9252230650655e-34,1.10482178037744e-56
"240",-0.417938671575104,0.0332676000945738,-0.0302055527776726,0.00181565848871197,1.67141733024656e-34,3.36762048973307e-57
"241",-0.418966183481355,0.0333187990819642,-0.0303943548665153,0.00181829173101902,1.46817907425631e-34,1.09839683083639e-57
"242",-0.420168487388743,0.0333757381383421,-0.0305698542754729,0.00182124454217841,1.24543129467933e-34,4.14326430421838e-58
"243",-0.421607335835406,0.0334357202278237,-0.0307309101100389,0.00182435928851609,9.87434517267323e-35,1.78807524766493e-58
"244",-0.423313751103132,0.0335027822218224,-0.030874504586908,0.00182786036976068,7.36886751559464e-35,9.31444212125583e-59
"245",-0.425374916163117,0.0335765938548701,-0.030996279432614,0.0018317015352578,5.01765861348557e-35,6.02415481881422e-59
"246",-0.427717086217233,0.0336542275583216,-0.0311001077569174,0.00183575263713138,3.15772497602421e-35,4.61222997560158e-59
"247",-0.430365743490537,0.0337347227501937,-0.0311843103584612,0.00183997197542573,1.81321227537789e-35,4.20901185671646e-59
"248",-0.433222519031417,0.0338173836245485,-0.0312562523057668,0.00184428757649997,9.79655863057306e-36,4.27925282781804e-59
"249",-0.436217041368349,0.0339037307465686,-0.0313166697088959,0.00184879699648939,5.13660613599606e-36,4.8775232100143e-59
"250",-0.439311415543472,0.0339941231684004,-0.0313690671835229,0.00185352500621153,2.65265142868045e-36,6.0801973071283e-59
"251",-0.442332837203653,0.0340822088594879,-0.0314229990098334,0.00185811636817838,1.39217299051232e-36,7.34996570605081e-59
"252",-0.445442656803198,0.0341732119166881,-0.0314734922116221,0.00186289927560658,7.18985523800434e-37,9.34064136537231e-59
"253",-0.449421849553714,0.0342727955606931,-0.0314712147912411,0.00186815699246825,2.86366742292107e-37,1.88301441169738e-58
"254",-0.454120457927568,0.0343765554705152,-0.031423931431553,0.00187363410026345,9.07481256255849e-38,5.45765471284054e-58
"255",-0.459274343688825,0.0344854032548685,-0.0313478309384093,0.00187941432785281,2.51513295250699e-38,2.02102304027949e-57
"256",-0.465133858607413,0.0346059943840287,-0.0312300891651362,0.00188577922178756,5.76108370319119e-39,1.08297852326354e-56
"257",-0.471390438429013,0.0347353151478148,-0.0310869225867392,0.00189258045680318,1.19722460438795e-39,7.23831103241908e-56
"258",-0.477995391930538,0.0348639994599266,-0.0309234877555048,0.00189929958552352,2.19569322548389e-40,5.42141620575507e-55
"259",-0.484645491425691,0.0349851578577136,-0.0307581110276445,0.0019056095150124,3.81879490124657e-41,3.82255427043149e-54
"260",-0.49076942056228,0.0350961825205304,-0.0306237442955689,0.00191144728584429,7.60039921727152e-42,1.99345235683061e-53
"261",-0.496224595558953,0.0351949065598737,-0.0305331360854216,0.00191667391745564,1.80201806025096e-42,6.96929545567742e-53
"262",-0.500877814409198,0.0352796910942519,-0.0304930931707553,0.00192119007586882,5.29513232299741e-43,1.55327076029726e-52
"263",-0.504454184137041,0.0353455906029434,-0.0305214091282575,0.00192467700559174,2.07507121315157e-43,1.89181938580581e-52
"264",-0.506646650531658,0.0353932272790098,-0.0306379919956801,0.00192718437562374,1.21442104209592e-43,1.10519686959393e-52
"265",-0.507849135463587,0.0354246686616543,-0.0308177131749628,0.00192887218015003,9.32059840137932e-44,3.76347513312261e-53
"266",-0.508766503201893,0.0354489396123744,-0.0310127758839881,0.00193020656496212,7.63638871108363e-44,1.10170013488342e-53
"267",-0.509414474687112,0.0354688190464944,-0.0312259240192178,0.00193138138196873,6.736093017151e-44,2.77454323376155e-54
"268",-0.510241048539852,0.0354825081833083,-0.0314287260465186,0.00193223048462192,5.40067583840469e-44,7.2160720635766e-55
"269",-0.511219625663787,0.0354939780207061,-0.0316229473129179,0.00193301332742922,4.05433489725413e-44,1.97259741366793e-55
"270",-0.512375760578045,0.0355015756120242,-0.0318078069829125,0.00193363503129807,2.79929172088939e-44,5.63850629063004e-56
"271",-0.513647032183228,0.0355056770162541,-0.0319854298229603,0.00193424377612241,1.82062185412437e-44,1.68964147041494e-56
"272",-0.515096819552715,0.0355136639992053,-0.0321520459980429,0.00193509398342642,1.13260212709596e-44,5.62825155153839e-57
"273",-0.51631006799968,0.0355183381112007,-0.0323346340347579,0.00193580612480203,7.53532487084524e-45,1.63726595321105e-57
"274",-0.516860125600452,0.0355156602044645,-0.0325599536140092,0.00193625852023914,6.1221971837598e-45,3.36440862816011e-58
"275",-0.516946780503604,0.0355036613211522,-0.0328158261685192,0.00193634018401819,5.59646086807262e-45,5.24214560660476e-59
"276",-0.517029576626355,0.035481243165061,-0.0330691396055114,0.00193567188644087,4.84969958207279e-45,7.50318759597202e-60
"277",-0.516972548378946,0.0354534403404489,-0.0333289597653042,0.0019345516625388,4.29561528439295e-45,9.54822094310681e-61
"278",-0.516794083210608,0.0354207697371542,-0.0335953955004837,0.00193317086196488,3.8739251110372e-45,1.10299502343513e-61
"279",-0.516478043717224,0.0353868046478319,-0.0338678969256285,0.00193168687604121,3.64620402238792e-45,1.18305120710919e-62
"280",-0.516172223789484,0.0353594302782792,-0.0341386087411003,0.00193056460418209,3.54005780986342e-45,1.32903211209376e-63
"281",-0.516322690021109,0.0353381282786329,-0.0343796208654408,0.00192971299589838,3.00788644065755e-45,1.91519110838198e-64
"282",-0.516820767639108,0.0353219238968004,-0.0345994861525268,0.00192915088165509,2.31378078799583e-45,3.34096342534548e-65
"283",-0.518178267668812,0.0353145847023548,-0.0347638157335021,0.00192901927293976,1.36425314009133e-45,9.40097380926168e-66
"284",-0.520392548600864,0.0353147864208682,-0.0348720058168951,0.00192923427187904,6.11952967616968e-46,4.25933921032513e-66
"285",-0.523138681338851,0.0353200705328245,-0.0349463689377071,0.0019296301900567,2.31669241272658e-46,2.5647941168554e-66
"286",-0.526178251553126,0.035326753137292,-0.0350027506957611,0.00193005254515101,7.90857374208772e-47,1.77980338023744e-66
"287",-0.529694392120608,0.0353378311998875,-0.0350289788449284,0.00193058344154742,2.31103983415481e-47,1.58154957855138e-66
"288",-0.533299742449795,0.0353556814800137,-0.0350516697838862,0.00193147216498969,6.75418716562904e-48,1.51827726755685e-66
"289",-0.536433569749039,0.0353712014217978,-0.0351054896134103,0.00193233705452865,2.31238129347872e-48,1.14343802454634e-66
"290",-0.539540632115489,0.0353842869734135,-0.0351617202710863,0.00193304796843425,7.86223350757816e-49,8.27410872288249e-67
"291",-0.542787108092966,0.0353972247964048,-0.0352088165416478,0.00193375695162517,2.52694599869657e-49,6.42223865718641e-67
"292",-0.545785767006193,0.0354091318469769,-0.0352728833623844,0.00193445847114016,8.83053628461463e-50,4.37018702790803e-67
"293",-0.549088989396574,0.0354269930392323,-0.0353185252243975,0.00193545674102099,2.83998111604906e-50,3.57334722339023e-67
"294",-0.552712981154736,0.035446647218562,-0.0353449446672495,0.00193646865954153,8.15026474557843e-51,3.39480773163815e-67
"295",-0.556193194427743,0.0354618221901632,-0.0353824143597034,0.0019372200086961,2.39641374199332e-51,2.85611236742129e-67
"296",-0.559594624646007,0.0354881720454277,-0.0354237176656759,0.00193864493406453,7.73646642278321e-52,2.56509119363524e-67
"297",-0.563343239589624,0.0355218612347712,-0.0354432159635623,0.00194050350911456,2.28142583680393e-52,2.89534168856126e-67
"298",-0.567171853961996,0.0355574173376405,-0.0354582574043703,0.00194264108950524,6.58431712934222e-53,3.51551980026595e-67
"299",-0.57165039306341,0.0355961617070356,-0.0354329393150671,0.00194489348981313,1.50613990491391e-53,5.90366365651088e-67
"300",-0.576328999283317,0.0356404246869579,-0.0353946591783998,0.00194737420124211,3.28987581491556e-54,1.12752355641738e-66
