"","Intercept","PE Estimate Coefficient","Intercept Std. Error","PE Estimate Std. Error","Intercept p-value","PE p-value","sigma"
"6",0.00433164921990976,0.000597355151858003,-7.77556582150403e-05,5.83569393417283e-05,8.20858170996185e-13,0.183025003750649,0.0189936395249373
"7",0.00427961613826979,0.000556883402068134,-0.000121650997022046,5.44031650414735e-05,3.62059794601623e-14,0.0255633067840012,0.0177067906142663
"8",0.00425737664925185,0.000524171444488502,-0.000151745960281922,5.12074619186559e-05,1.33025496637935e-15,0.0031145515204144,0.0166666738119084
"9",0.00424535043221735,0.00049646231954408,-0.000170698047641842,4.85004965253476e-05,4.47004140782915e-17,0.000451657134034812,0.0157856282076161
"10",0.00423459485433963,0.000472348903094521,-0.000183362185242494,4.61448038077208e-05,1.47665959506702e-18,7.5828643124567e-05,0.0150189125639441
"11",0.00422304798701693,0.000451935510498043,-0.000190073747329658,4.41505745626791e-05,5.76123618238076e-20,1.83176079608568e-05,0.0143698437156173
"12",0.00421323786705269,0.000433929780783724,-0.000190708524048145,4.23915552029669e-05,2.28922583169117e-21,7.63072425147742e-06,0.0137973294608838
"13",0.00420401481523107,0.000416729075920282,-0.000188487793916668,4.07111804924974e-05,7.26748419470317e-23,4.13650808539264e-06,0.0132504119583982
"14",0.00419663202531493,0.00040031842463436,-0.000186695263550506,3.91079878546302e-05,1.77548934850315e-24,2.0747094911309e-06,0.0127286151781667
"15",0.00419357168116356,0.000387111876558899,-0.000182245636124726,3.78178111104335e-05,6.0519761740972e-26,1.66414970193546e-06,0.0123086967883547
"16",0.00418529586077268,0.000375635096266622,-0.000176351963099314,3.66966191875521e-05,2.84873583445853e-27,1.77663705183379e-06,0.0119437784862352
"17",0.00417346302074444,0.000364705235101564,-0.000170141370323432,3.56288569977746e-05,1.355501082417e-28,2.05922967538166e-06,0.0115962501483929
"18",0.00416130228545287,0.000355034779881049,-0.000162410125942157,3.4684128946204e-05,7.78825715770634e-30,3.22055871615993e-06,0.0112887661668298
"19",0.00414828393641488,0.000345697823803265,-0.000154581317000712,3.37719811597944e-05,4.18736482604938e-31,5.29972781663561e-06,0.0109918861994436
"20",0.00413308170295407,0.000336121477443966,-0.000146214280759047,3.28364468099746e-05,1.76860405651598e-32,9.4215182827944e-06,0.0106873945245183
"21",0.00411688829474702,0.000326998587246601,-0.000137300098780624,3.19452115905026e-05,7.30891546510488e-34,1.89064050465038e-05,0.0103973210442857
"22",0.00410066554713627,0.000318966463748179,-0.000127657232598273,3.11605357702226e-05,3.8805601862984e-35,4.52592960991429e-05,0.0101419298287345
"23",0.00408249519543754,0.000310407225577257,-0.000117910514438455,3.03243649576025e-05,1.4100292023916e-36,0.00010755365874719,0.00986977835582778
"24",0.00406469974452827,0.00030288450328371,-0.000108016041689054,2.95894536620294e-05,6.70550533682299e-38,0.000275179242525729,0.00963058417620879
"25",0.00404408848347055,0.000295663850228389,-9.82805326216596e-05,2.88840521750809e-05,3.4288197262132e-39,0.000693749300274002,0.00940099465841384
"26",0.00402326862003187,0.000288441145234136,-8.83968207269143e-05,2.81784502297025e-05,1.46064896146694e-40,0.00175614668509501,0.0091713398967045
"27",0.00400556850251639,0.000281575201349924,-7.87500497547393e-05,2.75077010622626e-05,5.49910568438252e-42,0.00428563157384755,0.00895302879194622
"28",0.00398948360252856,0.000274798699793925,-6.90504320356159e-05,2.68456897126952e-05,1.65610283711949e-43,0.0102499315777896,0.00873756161568686
"29",0.00397533645441556,0.000268932796162549,-5.89251607869618e-05,2.62726366782719e-05,6.72381829476977e-45,0.0251241782838929,0.00855104801700802
"30",0.00395960750386836,0.000263480917208278,-4.92995265253753e-05,2.57400306256694e-05,3.28179911659714e-46,0.0557387397148208,0.00837769884061115
"31",0.00394462043099093,0.00025811025837598,-4.00751314752276e-05,2.52153591455178e-05,1.39731471115031e-47,0.112303023504628,0.0082069321575838
"32",0.00393075485389679,0.000253207835154834,-3.12835910391786e-05,2.47364306326322e-05,6.82540617863641e-49,0.206279509193826,0.00805105359995941
"33",0.00391749281095603,0.000248862026197708,-2.27685383555958e-05,2.43118789920999e-05,4.35693899952556e-50,0.349230313679802,0.00791287327537503
"34",0.00390380102267942,0.00024452928059337,-1.49901678154281e-05,2.38886035392491e-05,2.5457167944439e-51,0.53047175705443,0.0077751083161107
"35",0.00388990725117489,0.000240340608881089,-7.8148963723226e-06,2.34794029819663e-05,1.5007030065778e-52,0.739323890498919,0.00764192436290644
"36",0.00387703880706719,0.000236648067093941,-6.76745321428824e-07,2.31186704488674e-05,1.15506266627711e-53,0.976652914398119,0.00752451546902194
"37",0.00386415862759701,0.000233206579269505,6.45643828423321e-06,2.27824639298624e-05,1.01667209495865e-54,0.776932188366914,0.00741508914372203
"38",0.00385057710604921,0.000229786163234629,1.28435379679358e-05,2.24483159603507e-05,8.69599812576249e-56,0.567355955672848,0.00730633282180921
"39",0.00383806925375591,0.000226234859229614,1.85060157574105e-05,2.21013812570003e-05,5.60439569892547e-57,0.402608978645791,0.00719341475639216
"40",0.00382759202869071,0.000222819201419102,2.41154446615521e-05,2.17676981288977e-05,3.3046542824073e-58,0.268188890376557,0.00708480972805748
"41",0.00381753056022972,0.000219456826642129,2.93786001536841e-05,2.14392203375977e-05,1.80455113097916e-59,0.170892016389417,0.00697789889910936
"42",0.00380956378982462,0.000216638899928064,3.48314763051903e-05,2.11639308756912e-05,1.40777052275273e-60,0.100117863476376,0.00688829946391882
"43",0.00380043441621389,0.000213708493434629,3.96425048429684e-05,2.08776530166117e-05,9.59110746540282e-62,0.05787601244745,0.00679512359622148
"44",0.00379166036097724,0.000210287464789327,4.32260661133341e-05,2.05434451998394e-05,3.28572457051375e-63,0.0356143454721155,0.006686347795609
"45",0.0037862657278301,0.000207002873475092,4.6675119588427e-05,2.02225662461867e-05,9.26071842682345e-65,0.0211968973718268,0.00658191018723603
"46",0.00378385679296148,0.000204018019914426,4.96689164870228e-05,1.99309693332917e-05,2.69944498737336e-66,0.0128606535526919,0.00648700310827357
"47",0.0037832620967847,0.000201412721148634,5.21813855362656e-05,1.9676451963567e-05,9.99540717288678e-68,0.00812797990795396,0.00640416443942087
"48",0.00378309720322309,0.000199100172461539,5.4926454101346e-05,1.94505339932643e-05,4.77742529684856e-69,0.00483772709481139,0.00633063411828791
"49",0.00378196129284052,0.000196837267446215,5.76488912226669e-05,1.92294658225042e-05,2.39956161026375e-70,0.00278472169657363,0.00625868227857153
"50",0.00378138090185908,0.000194541397569995,5.99089397708005e-05,1.90051772419398e-05,1.01429697295274e-71,0.00166805465602983,0.00618568228068174
"51",0.00378197112152199,0.000192439836227329,6.22471100785535e-05,1.87998710896193e-05,4.75582993212156e-73,0.000962478600800924,0.00611886056087574
"52",0.0037830894765372,0.000190561212098441,6.46001084124541e-05,1.86163441643145e-05,2.7514906575499e-74,0.00054234387871835,0.00605912740314541
"53",0.00378338773287743,0.000188905518743285,6.71436344220041e-05,1.84545958368834e-05,2.22057668335209e-75,0.000288340246786414,0.00600648260272165
"54",0.00378295508781415,0.000187743585131177,7.06555359192953e-05,1.83410839853325e-05,3.861181295331e-76,0.0001243984770361,0.00596953749877195
"55",0.00377924664814939,0.000186265980073419,7.34933845224104e-05,1.81967334955805e-05,5.13315914658804e-77,5.77971125188892e-05,0.00592255523413428
"56",0.00377554043914462,0.000184682456204907,7.57406852250602e-05,1.80420355641179e-05,5.54209549099824e-78,2.93051277385627e-05,0.00587220515103194
"57",0.00377227175311618,0.000183409277989834,7.82198309442561e-05,1.79176559824952e-05,9.16294486476935e-79,1.39901552733835e-05,0.0058317228885238
"58",0.00376765996618127,0.000181931094550777,7.99788569843801e-05,1.77732489894013e-05,1.16616351067065e-79,7.58797405287727e-06,0.00578472223354352
"59",0.00376249652739899,0.000180419256525613,8.13944332121721e-05,1.76255542057293e-05,1.40939660299942e-80,4.37563800466189e-06,0.00573665148973099
"60",0.00375780280931326,0.000178863702726767,8.27198225783402e-05,1.74735887319242e-05,1.45841901221124e-81,2.51603526169637e-06,0.00568719074929035
"61",0.00375312559611066,0.000177177429464335,8.37507038359235e-05,1.73088529860564e-05,1.14377726305833e-82,1.51182198441625e-06,0.00563357362321795
"62",0.00374841305058036,0.000175371309640696,8.51583468354348e-05,1.71324091658864e-05,6.852835648822e-84,7.83968964095675e-07,0.00557614582877716
"63",0.0037432645423792,0.000173316637999579,8.64667955161373e-05,1.6931683771697e-05,2.51876474514437e-85,3.91649653535935e-07,0.00551081502452763
"64",0.00374002708347205,0.000171516615791201,8.84228127928148e-05,1.67558356409805e-05,1.15776304625389e-86,1.60640978114834e-07,0.00545358111124092
"65",0.00373687144842191,0.00016974341905388,9.07030080794494e-05,1.65826081495644e-05,5.15701972015919e-88,5.68369876765099e-08,0.00539720014669959
"66",0.00373363260469476,0.000167964012574753,9.31520550972991e-05,1.64087740148061e-05,2.1180302546878e-89,1.79202855705075e-08,0.00534062173580324
"67",0.00372975839836018,0.000166108696105017,9.57432410911051e-05,1.62275240660155e-05,7.29813649122258e-91,4.95732440927826e-09,0.00528162967367534
"68",0.00372577197639934,0.000164440481117928,9.86460642098245e-05,1.60645524728054e-05,3.43191297659151e-92,1.18095075615171e-09,0.00522858673261034
"69",0.0037201142196654,0.000162679321743823,0.000101185175995086,1.58925009378918e-05,1.44017083910825e-93,2.92619747797353e-10,0.00517258851079261
"70",0.00371464718929262,0.000160916713432658,0.000103361989788937,1.57203078531281e-05,5.46877062492866e-95,7.79277218768907e-11,0.00511654421824435
"71",0.00371003321368523,0.000159224491088124,0.000105593848990326,1.5554990928338e-05,2.06197644763778e-96,1.93239989687874e-11,0.00506273793381181
"72",0.00370590312227027,0.000157610985825205,0.000107709033440547,1.53973640484779e-05,8.19173147979727e-98,4.81767827057158e-12,0.00501143455551139
"73",0.00370161975068497,0.000156018597147211,0.000109334352814617,1.52418000942689e-05,3.21741233918715e-99,1.41602662766327e-12,0.00496080260492163
"74",0.00369703515403982,0.000154449059147429,0.000110523017692071,1.50884684731003e-05,1.27489997968188e-100,4.88535792420643e-13,0.00491089721966494
"75",0.00369207483105866,0.000152971731546804,0.000111310423205074,1.49441450887461e-05,6.08724164036425e-102,2.02591851352406e-13,0.00486392377711701
"76",0.00368696524213708,0.000151364589714529,0.000111438324786656,1.47871398664292e-05,2.00448641695101e-103,1.07536147964848e-13,0.0048128227318967
"77",0.00368366196730281,0.0001499388313979,0.000110897928102013,1.46478543989135e-05,7.98880157358051e-105,8.35181525103276e-14,0.00476748899796724
"78",0.00368125608592954,0.000148768766954565,0.000109710710524829,1.4533548228567e-05,5.22285268049656e-106,9.81165487308416e-14,0.00473028536426869
"79",0.00367867019987865,0.000147696394582611,0.00010811424502848,1.44287858116578e-05,4.27771833166341e-107,1.47019036840746e-13,0.0046961879697689
"80",0.00367727693284905,0.000146801586910127,0.000106306566343286,1.43413700809936e-05,4.7427773629654e-108,2.61949806535618e-13,0.00466773646261699
"81",0.00367508779313045,0.000145936096349842,0.000104334342579131,1.42568184035362e-05,6.00577959056846e-109,5.12593186468889e-13,0.00464021712899584
"82",0.00367330708991487,0.000145161685031902,0.00010240158519236,1.41811644576951e-05,9.06356925065455e-110,1.01584091057776e-12,0.00461559377156561
"83",0.00367124811895082,0.000144382170596261,0.000100123089989375,1.41050119770557e-05,1.35913919839007e-110,2.37825419135509e-12,0.00459080815425072
"84",0.00366949043494486,0.000143598850165117,9.81867352853964e-05,1.402848768034e-05,1.90850862306409e-111,4.69452653536864e-12,0.00456590152064188
"85",0.00366792170372867,0.000142722827612562,9.66232030334244e-05,1.39429071093809e-05,1.97827882203883e-112,7.50203780986519e-12,0.00453804730941229
"86",0.00366678939992372,0.000141930589307967,9.53532815656838e-05,1.38655116059828e-05,2.40391753075537e-113,1.07075654503413e-11,0.00451285712108208
"87",0.00366527341381957,0.000141119334293007,9.44748062543278e-05,1.37862583183006e-05,2.81197552327619e-114,1.25887944486733e-11,0.00448706227312768
"88",0.00366377069570306,0.000140257889585227,9.37107624227511e-05,1.37021018890779e-05,2.7631306471613e-115,1.37918490682721e-11,0.00445967158234794
"89",0.0036623165365923,0.000139438160756837,9.30301862939971e-05,1.36220207759139e-05,2.95918450876646e-116,1.47185066846244e-11,0.00443360729910503
"90",0.00366009383210998,0.000138708120481555,9.22025199886835e-05,1.35507015348741e-05,4.38533054105489e-117,1.73966541941321e-11,0.00441039477338347
"91",0.00365708628779804,0.000138004747873179,9.11636768250057e-05,1.34819875169002e-05,7.52986110367194e-118,2.30321307709147e-11,0.00438803017883091
"92",0.00365416657164919,0.000137373203320801,8.99003964472278e-05,1.34202905397835e-05,1.56096789388095e-118,3.48674453665902e-11,0.00436794944539367
"93",0.00365137468537615,0.00013677187823025,8.82991315842759e-05,1.33615457683945e-05,3.44355554003137e-119,6.28109677219873e-11,0.0043488295768001
"94",0.00364952561594993,0.000136175903684905,8.68596029168569e-05,1.33033237035412e-05,6.8306570425572e-120,1.04651713401668e-10,0.00432987983535212
"95",0.00364892575061493,0.000135605241456866,8.52129338424024e-05,1.32475744546686e-05,1.24954901865563e-120,1.93781117410575e-10,0.00431173493007065
"96",0.00364870469197968,0.000135139422969168,8.32455062986133e-05,1.3202067621512e-05,2.99265722345996e-121,4.29084549778368e-10,0.00429692366007177
"97",0.00364782030945716,0.00013459036727547,8.14626110283197e-05,1.3148429162527e-05,5.88985116855385e-122,8.44652368838998e-10,0.00427946576104339
"98",0.00364766447388229,0.000133967950200526,7.94124927429169e-05,1.3087623868767e-05,8.30229606829073e-123,1.83326193278556e-09,0.00425967524694322
"99",0.00364803537542292,0.000133270999428399,7.71873866264334e-05,1.30195372141083e-05,8.47849268177167e-124,4.19282812172301e-09,0.00423751484254856
"100",0.00364870565454331,0.000132587565954614,7.51520631469535e-05,1.29527710940712e-05,8.51120931677203e-125,8.76737840179625e-09,0.0042157842372295
"101",0.00364916257960052,0.000131968391149802,7.3038048762728e-05,1.28922825448153e-05,1.05619285944227e-125,1.91478994580799e-08,0.00419609681508379
"102",0.00364900104465021,0.000131368948129679,7.10798619096292e-05,1.28337216370282e-05,1.4761253531598e-126,3.89148039020755e-08,0.00417703678922726
"103",0.0036482460340416,0.000130712191961359,6.95918299422811e-05,1.27695616816688e-05,1.79261053766134e-127,6.33894190709633e-08,0.00415615442154692
"104",0.00364690889533295,0.000130012841668788,6.84535583967179e-05,1.27012406125774e-05,1.9759309078172e-128,8.79729239263655e-08,0.00413391772145747
"105",0.0036454640128865,0.000129350033495169,6.77831963477722e-05,1.26364894235021e-05,2.44012297782341e-129,1.00915327419764e-07,0.00411284292284773
"106",0.00364321118401563,0.000128642972243093,6.7404262696137e-05,1.25674150538076e-05,2.78907027816717e-130,1.01279769725552e-07,0.00409036104334568
"107",0.00364033677885985,0.000127932572390867,6.73680158125673e-05,1.24980145289176e-05,3.31756855369932e-131,8.76026153430907e-08,0.00406777300895816
"108",0.00363648968182264,0.000127229158110478,6.79092397458912e-05,1.24292964399129e-05,4.45285229236253e-132,5.87755460431655e-08,0.00404540708939278
"109",0.00363279206022118,0.000126580759246372,6.87875392925966e-05,1.23659529279935e-05,6.98141217662209e-133,3.40361068336372e-08,0.00402479045244759
"110",0.00362932978225585,0.000125952124939511,6.97923561182632e-05,1.23045402591657e-05,1.11908946983997e-133,1.84226459672299e-08,0.00400480225383512
"111",0.00362578187054356,0.000125342815443674,7.09119062762327e-05,1.22450154736536e-05,1.90922043231513e-134,9.33748829833263e-09,0.00398542851128504
"112",0.00362210741479385,0.0001247446428545,7.20611291129116e-05,1.21865786770616e-05,3.38742602236665e-135,4.59069020100064e-09,0.00396640888033831
"113",0.00361900884795716,0.000124182426926172,7.34707366668228e-05,1.21316545657948e-05,6.27398618897472e-136,1.96582994902363e-09,0.00394853253551291
"114",0.00361781898992561,0.00012369357407956,7.49695262633794e-05,1.20838974554258e-05,1.17901893241438e-136,8.01986442975441e-10,0.00393298885982783
"115",0.00361695673288824,0.000123157811143419,7.61460686798025e-05,1.20315575951792e-05,1.75502669251307e-137,3.71013374550226e-10,0.00391595362032547
"116",0.0036164060818935,0.000122648663927568,7.72956852580214e-05,1.19818178832188e-05,2.72973628562739e-138,1.7210769726698e-10,0.00389976466028566
"117",0.00361627253629333,0.000122141359788493,7.8624109981592e-05,1.19322582254846e-05,3.98611592007368e-139,7.11325079267386e-11,0.0038836343031319
"118",0.00361662111295727,0.000121647492728161,7.99285979530447e-05,1.1884011265543e-05,5.66365035100325e-140,2.92285614632688e-11,0.00386793119437324
"119",0.00361718238140343,0.000121191377810338,8.13164242926059e-05,1.18394523954813e-05,8.9224537444525e-141,1.13540955371874e-11,0.00385342846127695
"120",0.0036173267380648,0.000120735772507479,8.28698278252338e-05,1.17949433108271e-05,1.46650572918347e-141,3.91114061549506e-12,0.00383894193201335
"121",0.00361746428435629,0.000120230909178133,8.48148394141769e-05,1.17456221011667e-05,1.95634907671692e-142,1.01571878172639e-12,0.00382288918339785
"122",0.00361781322045118,0.000119741572232044,8.71508298332176e-05,1.16978176980545e-05,2.65385073739153e-143,2.00063628820948e-13,0.00380733011517632
"123",0.0036185119805102,0.000119240045487533,8.93833009982831e-05,1.16488224467092e-05,3.21663233077686e-144,3.94912497068806e-14,0.00379138345736691
"124",0.00361925956799045,0.000118760778594437,9.16805828710938e-05,1.16020018092343e-05,4.16457811390429e-145,7.15131482082385e-15,0.00377614457882808
"125",0.00362026598574649,0.000118316347303706,9.40800302047227e-05,1.15585843384146e-05,5.90824193191452e-146,1.16349119409618e-15,0.00376201334098156
"126",0.00362069002693858,0.00011787369243553,9.60174277185412e-05,1.15153404102237e-05,8.99711491608765e-147,2.45333737447299e-16,0.00374793858666844
"127",0.00362069738507381,0.00011738745930597,9.74601444370629e-05,1.14678392257785e-05,1.19125465939695e-147,6.83176277705664e-17,0.00373247820809931
"128",0.00362116956949437,0.000116872340099909,9.87359607121464e-05,1.14175160969524e-05,1.28898629207442e-148,2.04138081757884e-17,0.00371609936130796
"129",0.00362173911284729,0.000116417354389478,9.99003410533374e-05,1.13730675416459e-05,1.74182069583846e-149,6.67484510679704e-18,0.00370163253274535
"130",0.00362211567225577,0.000115947395467963,0.000101127045402662,1.13271562203982e-05,2.23111690073165e-150,2.01634921805439e-18,0.0036866896125763
"131",0.00362230980399595,0.000115494200802617,0.000102376504012161,1.12828826362275e-05,3.09774326368896e-151,5.89920480897185e-19,0.00367227973248832
"132",0.0036220624117365,0.000115048810855277,0.000103669821941503,1.12393715121341e-05,4.65588836990654e-152,1.63439983617951e-19,0.00365811801297945
"133",0.00362181302012988,0.000114592154624026,0.000105233410771331,1.11947597599725e-05,6.56478491393201e-153,3.5397791160942e-20,0.00364359806815897
"134",0.00362123545356178,0.000114096891478641,0.000106928801723353,1.11463764134097e-05,8.04225384115595e-154,6.46834358220951e-21,0.00362785056916416
"135",0.00362064330494442,0.000113608734227683,0.000108545925570735,1.10986872573108e-05,1.00053728578732e-154,1.21312551606801e-21,0.00361232901079583
"136",0.00361975021651834,0.000113110622141151,0.000110024726904757,1.1050025591418e-05,1.2196148587042e-155,2.42999631335432e-22,0.00359649092622393
"137",0.00361848581556767,0.00011258331229024,0.00011137371707826,1.09985115316695e-05,1.3471437694001e-156,5.10458721241177e-23,0.00357972446293153
"138",0.00361688180079301,0.000112031273534215,0.000112692386428822,1.09445816507611e-05,1.3658786734231e-157,1.0393321875995e-23,0.00356217171377864
"139",0.00361529198474933,0.000111474288970756,0.000113954945308607,1.08901686030408e-05,1.32082171126504e-158,2.13228133697443e-24,0.00354446170661392
"140",0.00361356907452217,0.000110954518671452,0.000115145054469439,1.08393910986805e-05,1.51304431325321e-159,4.65691229519343e-25,0.00352793497260981
"141",0.00361139082115888,0.000110430336832016,0.00011637306150854,1.07881826212566e-05,1.77639627689105e-160,9.47445605611352e-26,0.0035112679682778
"142",0.00360917539009449,0.000109902071612036,0.000117728086312253,1.07365752294012e-05,2.01555533916317e-161,1.65045089811622e-26,0.00349447112785437
"143",0.0036068487474158,0.000109365391605831,0.000119091590630409,1.06841457785618e-05,2.1866400498242e-162,2.71924446666192e-27,0.0034774067289848
"144",0.00360440820136723,0.00010883268892097,0.000120483534685358,1.06321048809971e-05,2.40642305284774e-163,4.20403812367905e-28,0.00346046879392432
"145",0.00360166130748566,0.000108295160435761,0.000121836591029787,1.05795925403766e-05,2.64850696256165e-164,6.43733457826603e-29,0.00344337741662444
"146",0.00359895424654162,0.000107778385179197,0.000123089673751203,1.05291076283325e-05,3.14077965710089e-165,1.06787292740087e-29,0.00342694591367672
"147",0.00359641402782726,0.000107323991070528,0.000124531759806614,1.04847168679041e-05,4.85189826781491e-166,1.51795459145353e-30,0.00341249789581755
"148",0.00359338410169204,0.000106843313379917,0.000125767159310618,1.04377584065153e-05,6.96040092110179e-167,2.47904854184076e-31,0.00339721415924183
"149",0.00359014900141371,0.000106373575817515,0.000126747999311131,1.03918687103264e-05,1.06933606260131e-167,5.14691415125797e-32,0.00338227827745722
"150",0.00358720126887059,0.000105913988166055,0.000127656638859102,1.03469705812737e-05,1.63014279783024e-168,1.13464883757399e-32,0.00336766512453672
"151",0.00358451280510673,0.000105428718616174,0.000128647861578066,1.02995635310478e-05,2.06292384203433e-169,2.16107856398741e-33,0.003352235384165
"152",0.00358202407768536,0.000104900574701253,0.000129123134651056,1.02479679897507e-05,1.99331968010482e-170,6.55444125107227e-34,0.0033354424007847
"153",0.00358053174121527,0.00010440588880146,0.000129540906078624,1.01996410355801e-05,1.9261289736877e-171,2.16945548128402e-34,0.00331971325602131
"154",0.00357913892546828,0.000103911317187431,0.000129980773008342,1.01513252462372e-05,1.79536530870545e-172,6.89338323128113e-35,0.00330398774511389
"155",0.00357778266095305,0.000103456151238044,0.000130358998803755,1.01068590829905e-05,2.00586162998611e-173,2.43297984588382e-35,0.00328951518563268
"156",0.00357649038792444,0.00010300914725735,0.000130671901146892,1.00631902804268e-05,2.27515202902385e-174,9.2054953775056e-36,0.00327530214595417
"157",0.00357527222643861,0.000102579463348122,0.000131049534403084,1.00212135137597e-05,2.74976675406805e-175,3.27714979474735e-36,0.00326163981918565
"158",0.00357380668816953,0.000102126982673308,0.000131320675953266,9.97700968089528e-06,3.0005276398595e-176,1.2556841143579e-36,0.00324725264130213
"159",0.00357277425414515,0.000101639453644385,0.000131752820260768,9.92938189718959e-06,2.48030495208256e-177,3.75128509314127e-37,0.00323175105802374
"160",0.00357189593538176,0.000101148110296215,0.000132250304020291,9.88138148424273e-06,1.91555332753671e-178,1.01424465957403e-37,0.0032161281937878
"161",0.00357092678502864,0.000100683366260371,0.000132727460545285,9.83597961665221e-06,1.69918799179347e-179,2.86594676348617e-38,0.00320135108730311
"162",0.00356982646116753,0.000100223212717556,0.00013329601924113,9.79102620442761e-06,1.54561461988631e-180,7.18544018051224e-39,0.00318671994117308
"163",0.00356825847473618,9.97379038309027e-05,0.000133775754491166,9.74361531130593e-06,1.28585676414319e-181,1.88357552524914e-39,0.00317128895004047
"164",0.00356695675634894,9.92518772199571e-05,0.000134129312006703,9.69613430211869e-06,9.98059845744198e-183,5.62375706824215e-40,0.00315583513798392
"165",0.00356601290205455,9.87690149977505e-05,0.000134535478591182,9.648962429031e-06,7.27697917588393e-184,1.5548242808251e-40,0.00314048194154747
"166",0.00356480822334056,9.82846268801253e-05,0.000134934549017375,9.60164148786193e-06,5.3524915837806e-185,4.24171422771614e-41,0.00312508022739514
"167",0.00356387587813673,9.78114964554878e-05,0.000135379102161651,9.55542033549484e-06,3.92889595972765e-186,1.09318247426411e-41,0.00311003646539544
"168",0.003563027642642,9.73639305121572e-05,0.0001357070888392,9.51169663356454e-06,3.23166953982333e-187,3.34098972812732e-42,0.00309580555742584
"169",0.00356239911342934,9.69210840110853e-05,0.000135784863520781,9.46843398433423e-06,2.58218365753009e-188,1.3899125605072e-42,0.00308172470990979
"170",0.00356204272229568,9.65253167273742e-05,0.000135776856615169,9.42977060745177e-06,2.563232762902e-189,6.94047049354489e-43,0.00306914080383785
"171",0.00356136415990915,9.61833714662298e-05,0.000135642694518194,9.39636522239612e-06,3.64866935229348e-190,4.45526379279771e-43,0.0030582682349695
"172",0.00356013377768241,9.58643874916091e-05,0.000135416009931038,9.36520297595022e-06,6.45290036724156e-191,3.34519537265701e-43,0.0030481257483611
"173",0.00355861346263422,9.55825478767392e-05,0.000135093183322924,9.33766944374932e-06,1.48586301220082e-191,3.03583460781927e-43,0.00303916431221707
"174",0.00355680373429234,9.5294372159108e-05,0.000134664079377128,9.30951692372625e-06,3.42349484090662e-192,3.1226389653399e-43,0.00303000141191646
"175",0.00355501059001462,9.49975891085076e-05,0.000134204387181248,9.28052353440389e-06,7.39754966951575e-193,3.2901447297625e-43,0.00302056483090987
"176",0.0035534472415461,9.47140552956318e-05,0.000133668968151406,9.25282449227148e-06,1.65587492659475e-193,3.92067312364832e-43,0.00301154952566282
"177",0.0035519599178118,9.4453491440808e-05,0.000133136175222412,9.22736943588952e-06,4.18870944991592e-194,4.86119851989682e-43,0.0030032645783976
"178",0.00355006155125199,9.41639876537906e-05,0.00013255047539062,9.19908717384553e-06,9.39693479660745e-195,6.13002643076407e-43,0.0029940594505024
"179",0.00354823463852192,9.38870488809361e-05,0.000131865927990341,9.17203241568605e-06,2.23550589349113e-195,9.01293081090335e-43,0.00298525384263961
"180",0.00354620268409574,9.3608993074746e-05,0.000131162142405493,9.14486853208183e-06,5.42187044298311e-196,1.35850385640123e-42,0.00297641271733223
"181",0.00354407805462824,9.33170064814801e-05,0.000130373683866701,9.11634371923169e-06,1.21274665877814e-196,2.23434576429275e-42,0.00296712864556795
"182",0.00354256070205904,9.30406596892972e-05,0.000129593654485218,9.08934679296674e-06,2.68376285271625e-197,3.74793297643214e-42,0.0029583418604565
"183",0.0035410380281943,9.2743110536816e-05,0.000128924570274152,9.06027856146573e-06,5.14412685196005e-198,5.23868508718708e-42,0.00294888092030122
"184",0.00353960608707958,9.24294542763857e-05,0.000128358859547923,9.02963679114342e-06,8.66443582767705e-199,6.21541722934521e-42,0.0029389078348983
"185",0.00353789899146814,9.20769928109339e-05,0.00012786288189119,8.99520405494672e-06,1.1746394716123e-199,6.26914428901843e-42,0.00292770089041912
"186",0.0035365922821284,9.17425561894808e-05,0.000127501700179258,8.96253220542623e-06,1.65078540744228e-200,5.46599509368508e-42,0.00291706706795679
"187",0.00353528666248012,9.13973133069043e-05,0.000127306113253232,8.92880466847604e-06,2.13186966830702e-201,3.74079016205181e-42,0.0029060896471715
"188",0.00353376729601094,9.10318848782073e-05,0.000127185419097685,8.89310516110444e-06,2.46247024284814e-202,2.22150426773576e-42,0.00289447040219596
"189",0.00353280368222116,9.06743414562781e-05,0.000127214666004977,8.85817595739596e-06,2.68274422758793e-203,1.08769551605956e-42,0.00288310187067914
"190",0.00353204965266748,9.03166275330403e-05,0.000127344793982491,8.82323009703944e-06,2.77154836784268e-204,4.60532222263537e-43,0.00287172791786414
"191",0.00353139141285709,8.99624882797611e-05,0.000127503247890973,8.78863345405769e-06,2.83879769670651e-205,1.87054584274333e-43,0.0028604676260637
"192",0.00353080162491554,8.96040863011343e-05,0.000127818692248716,8.75362037605606e-06,2.7461623110711e-206,6.00269180616138e-44,0.00284907179568392
"193",0.00352988041714183,8.92434139203693e-05,0.000128156185846343,8.71838549747325e-06,2.72422705501294e-207,1.83383394187882e-44,0.00283760377508421
"194",0.00352905376714686,8.88844593320379e-05,0.000128442450257738,8.68331843381348e-06,2.64516554829397e-208,5.95362076290958e-45,0.00282619037380127
"195",0.00352821850178731,8.85346356008224e-05,0.000128789255084369,8.64914338367899e-06,2.6952605115995e-209,1.78314238128183e-45,0.0028150672993165
"196",0.00352718977007253,8.81940623061272e-05,0.000129156301559669,8.61587202904495e-06,2.98290369893129e-210,5.21273820997389e-46,0.0028042383538037
"197",0.00352576892447841,8.78518590263646e-05,0.000129447887404137,8.58244143758268e-06,3.44361282495425e-211,1.66815832090723e-46,0.00279335758091701
"198",0.00352413527508228,8.74776621322928e-05,0.000129716998908799,8.5458853195325e-06,3.23845039630864e-212,5.08027768298897e-47,0.00278145953183307
"199",0.00352349140730818,8.71275527875222e-05,0.000129940564037247,8.51168236718129e-06,2.98236840639119e-213,1.71725085061399e-47,0.0027703273759151
"200",0.00352268361170131,8.67956906906041e-05,0.000130107963195275,8.4792620286282e-06,3.17080662867857e-214,6.48264646820999e-48,0.00275977541361722
"201",0.00352185863054074,8.64812141254812e-05,0.000130295243525057,8.44854012093527e-06,3.77805033840281e-215,2.44428776984229e-48,0.00274977624562074
"202",0.00352097944644498,8.61557645191614e-05,0.000130406077898528,8.41674623270024e-06,4.13823647227695e-216,9.97547418020847e-49,0.00273942817632438
"203",0.00351981263198391,8.58336414279199e-05,0.000130476842862003,8.38527731904363e-06,4.81860353787385e-217,4.31625959768223e-49,0.00272918587765386
"204",0.00351867742826409,8.55290392572094e-05,0.000130578631087593,8.35552006267073e-06,6.26011339092189e-218,1.83984415334058e-49,0.00271950067813563
"205",0.00351769643069102,8.52184660469408e-05,0.000130684833951385,8.32517948230337e-06,7.46959261368133e-219,7.61844336481524e-50,0.00270962562209301
"206",0.00351668218076052,8.48914699552095e-05,0.000130736056372752,8.29323451450524e-06,7.8216609366553e-220,3.27232237299466e-50,0.0026992283803967
"207",0.00351576497469428,8.45645565072642e-05,0.000130736184910115,8.26129762036044e-06,7.93001549539878e-221,1.5077920793262e-50,0.00268883376646089
"208",0.00351498290516959,8.42361623693299e-05,0.000130776673984105,8.22921607435216e-06,7.63741529889428e-222,6.4523256799842e-51,0.00267839207217128
"209",0.00351427087955055,8.39249640312983e-05,0.000130779533782414,8.19881442387796e-06,8.14937794527891e-223,3.02641322748924e-51,0.00266849713942491
"210",0.00351392543804654,8.36392425377004e-05,0.000130755763452288,8.17090166240154e-06,9.74657776547719e-224,1.56399227991536e-51,0.00265941227418679
"211",0.00351357708367965,8.3362008120163e-05,0.000130771796810321,8.14381802206237e-06,1.22966366904959e-224,7.70714025081778e-52,0.00265059726593879
"212",0.00351301199875986,8.30784211537783e-05,0.000130774966262109,8.11611378724672e-06,1.5184215786042e-225,3.79181598539218e-52,0.00264158027061076
"213",0.00351231787520588,8.28089214831547e-05,0.000130674055420229,8.08978577135487e-06,2.11682895262343e-226,2.2669811426834e-52,0.00263301119812517
"214",0.00351153164368204,8.25280117111696e-05,0.000130634314300745,8.06234307755162e-06,2.71406166566554e-227,1.18908109675646e-52,0.00262407932747582
"215",0.00351103534785438,8.22500025058847e-05,0.000130673704723967,8.03518374649238e-06,3.33374783966426e-228,5.50143557850358e-53,0.00261523968390135
"216",0.00351036186202461,8.19470869307869e-05,0.000130832415377495,8.00559125735645e-06,3.4299707487371e-229,1.95396159833536e-53,0.00260560811175871
"217",0.00350938757226356,8.16040192777788e-05,0.000131129331890623,7.97207622336967e-06,2.66807245043337e-230,4.93328226692992e-54,0.0025946998550648
"218",0.00350862987073763,8.12630836773641e-05,0.000131468882739236,7.93876947429259e-06,1.99042876415539e-231,1.14835871630368e-54,0.00258385938959739
"219",0.00350788453992757,8.09252951361952e-05,0.000131787529819739,7.90577016835873e-06,1.49152557019046e-232,2.741498073688e-55,0.00257311898873759
"220",0.00350704674910387,8.06091130893951e-05,0.000131994105663144,7.87488164840763e-06,1.33168399750981e-233,8.22981789615682e-56,0.00256306559285995
"221",0.00350592347739089,8.03280500524808e-05,0.000132006188669605,7.84742398181618e-06,1.64703172774036e-234,3.72571971925212e-56,0.00255412884896425
"222",0.00350475964173208,8.00825444180004e-05,0.000131895677392779,7.82343999611711e-06,2.71839753304899e-235,2.27375163946925e-56,0.0025463226962791
"223",0.0035035210334099,7.98684350919487e-05,0.000131637930720781,7.80252318488005e-06,5.84714111035064e-236,1.93654737619326e-56,0.00253951482771832
"224",0.00350245745222824,7.96953946527661e-05,0.000131173078788684,7.78561848357859e-06,1.70004761013318e-236,2.62589280115604e-56,0.00253401279477385
"225",0.00350129033232703,7.95302511680235e-05,0.000130745528313846,7.76948525313465e-06,5.35914271966117e-237,3.42041345093155e-56,0.00252876185517898
"226",0.00350026268695652,7.93797099192127e-05,0.00013034275721395,7.75477854725297e-06,1.85138199428547e-237,4.45337917523003e-56,0.00252397521158069
"227",0.00349912249406671,7.9232645092519e-05,0.000129997490544812,7.74041146069823e-06,6.70404066928018e-238,5.31360099853482e-56,0.00251929910508637
"228",0.00349764984739528,7.90582054967215e-05,0.00012973849063167,7.72337007270803e-06,2.04714737028081e-238,5.07274670804662e-56,0.0025137525842417
"229",0.00349604933824615,7.8868028685375e-05,0.000129516981882641,7.7047912814991e-06,5.58227852253699e-239,4.34495978814568e-56,0.00250770567933181
"230",0.003494525515798,7.86613530116729e-05,0.000129374393527117,7.68460068011878e-06,1.29701248875785e-239,3.10009207497941e-56,0.00250113417286257
"231",0.00349279218091645,7.84356551289734e-05,0.000129191865310787,7.6625517572807e-06,2.64970197706561e-240,2.24028756555226e-56,0.00249395783193339
"232",0.0034911241344642,7.82299615309296e-05,0.000128925524054284,7.64245709703262e-06,6.29428579548331e-241,1.97676616954083e-56,0.00248741755176391
"233",0.00348901760581923,7.80334852715662e-05,0.000128530925528218,7.62326289888417e-06,1.74920441629765e-241,2.23456756493835e-56,0.00248117034818
"234",0.00348703684708052,7.7817781670693e-05,0.00012826577959715,7.60219033943139e-06,3.99696592953061e-242,1.91080943535239e-56,0.00247431178769638
"235",0.00348523279007521,7.7595047909957e-05,0.00012801168299274,7.58043098819085e-06,8.24637810937194e-243,1.56928080707428e-56,0.00246722969465961
"236",0.00348373628939029,7.73469303573104e-05,0.000127861158453721,7.55619183845827e-06,1.27516772711443e-243,9.979530951006e-57,0.00245934049283366
"237",0.00348227290490165,7.71004747377823e-05,0.000127846843230615,7.53211504662934e-06,1.96765179726881e-244,5.00189117458492e-57,0.00245150413420906
"238",0.00348070416902674,7.68493211056092e-05,0.000127949439265658,7.50757929560652e-06,2.94326527668438e-245,1.99969982962652e-57,0.00244351839651175
"239",0.00347907520468869,7.65948506089922e-05,0.000128131955018523,7.48271951279701e-06,4.28008359500589e-246,6.81213948725247e-58,0.00243542719504234
"240",0.00347727474526114,7.63506860294737e-05,0.000128341564207469,7.45886653770833e-06,6.97666464968982e-247,2.25776257343112e-58,0.0024276636828441
"241",0.00347518360632482,7.61201204140351e-05,0.000128552400394808,7.43634207534689e-06,1.34576054653542e-247,7.70415696566236e-59,0.0024203325663837
"242",0.00347277765572565,7.59137880520149e-05,0.000128730331693721,7.41618501284028e-06,3.4020528291766e-248,2.97772355981399e-59,0.00241377197593035
"243",0.0034703059089335,7.57312902124517e-05,0.000128870989559507,7.39835639728342e-06,1.07264374117516e-248,1.31608920471069e-59,0.0024079692333442
"244",0.00346759999400373,7.55738159000825e-05,0.000128895530465335,7.38297238516562e-06,4.41720137849543e-249,7.72710445218426e-60,0.00240296214448881
"245",0.00346481416450013,7.5429840272128e-05,0.000128804315358758,7.36890708923389e-06,2.08109685274184e-249,5.82966058440381e-60,0.00239838426285635
"246",0.00346196099605052,7.53088767492569e-05,0.000128644970814984,7.35708989648885e-06,1.22100876318497e-249,5.34729230526652e-60,0.00239453807932226
"247",0.00345893410904423,7.52104036491664e-05,0.000128410283351919,7.34746984263831e-06,9.07996367160107e-250,6.03964234455688e-60,0.00239140700635804
"248",0.00345584650868779,7.51292213137502e-05,0.000128088728030759,7.33953896163934e-06,7.99154569741858e-250,8.44548875945965e-60,0.00238882571445842
"249",0.00345247938089122,7.50521142088637e-05,0.000127666416575328,7.33200619887889e-06,7.71240215054445e-250,1.43923187243356e-59,0.0023863739995105
"250",0.00344885275130849,7.49838083986583e-05,0.000127213502145153,7.32533325396422e-06,8.48905198696318e-250,2.66712857445404e-59,0.00238420213251904
"251",0.00344476683132664,7.49119947691547e-05,0.000126829680299143,7.3183176224629e-06,9.91428736192342e-250,4.30954278567989e-59,0.00238191873011173
"252",0.00344068374155841,7.48517922750759e-05,0.000126422318586855,7.31243630833303e-06,1.28693586432571e-249,7.53847009201263e-59,0.00238000451799273
"253",0.00343659704949623,7.48329565445876e-05,0.000125836338883874,7.31059620437118e-06,2.43920231399112e-249,2.07590871373887e-58,0.00237940561284565
"254",0.0034322594774107,7.48208539573174e-05,0.000125094497342323,7.30941387598746e-06,5.16972870350363e-249,7.73554570747628e-58,0.00237902079624331
"255",0.00342787205543948,7.48328046276145e-05,0.000124280122313186,7.31058136326776e-06,1.37829923485793e-248,3.52215107028686e-57,0.00237940078245921
"256",0.00342335284151195,7.4870661291597e-05,0.000123282657798007,7.31427966408066e-06,4.77478163569283e-248,2.39616515879786e-56,0.00238060448151004
"257",0.00341870587931391,7.4944376323352e-05,0.000122210068461598,7.32148104775221e-06,2.34757745055168e-247,2.04889943472585e-55,0.00238294834133341
"258",0.00341373675688954,7.5024145085207e-05,0.000121113108300572,7.32927383363922e-06,1.2973606562898e-246,1.83243894801907e-54,0.00238548468692834
"259",0.00340847127640497,7.50802363862793e-05,0.000119959063054843,7.33475351627709e-06,6.12923818604646e-246,1.66676728348258e-53,0.0023872681786246
"260",0.00340316330357972,7.5113417840965e-05,0.000118959656753526,7.33799508560539e-06,2.37342052528381e-245,1.06630261138155e-52,0.00238832322366313
"261",0.00339787402168294,7.50996103165891e-05,0.000118058853470791,7.33664619816387e-06,5.99907529001835e-245,4.9887322559109e-52,0.00238788419649494
"262",0.0033927794854084,7.50665707713237e-05,0.000117464676814173,7.33341849227913e-06,1.22794894466817e-244,1.28863996483007e-51,0.00238683366364042
"263",0.00338740321565355,7.49774983955489e-05,0.000117121043638426,7.3247168158745e-06,1.60716513405358e-244,1.84193394121514e-51,0.00238400149823291
"264",0.00338203449776928,7.48257813625648e-05,0.000117108295327205,7.30989524504946e-06,1.19458509078576e-244,1.24334230374711e-51,0.00237917746913509
"265",0.00337682415408879,7.46385384618888e-05,0.000117338114636657,7.29160307403038e-06,6.22995445568111e-245,4.95298541429179e-52,0.00237322385151251
"266",0.00337142679571694,7.44425330602978e-05,0.000117667740653847,7.2724548750139e-06,3.10562598583809e-245,1.6018110796433e-52,0.00236699161942883
"267",0.00336582851881698,7.4240906464084e-05,0.000117979437851849,7.25275752912456e-06,1.52621750432913e-245,5.21407084096758e-53,0.00236058065456946
"268",0.00336011561682944,7.40384900715473e-05,0.000118231645573173,7.23298302629438e-06,7.59293677141796e-246,1.8660343307824e-53,0.00235414457716756
"269",0.00335448698311823,7.38604375491415e-05,0.000118454017924071,7.21558868355311e-06,4.62733408431455e-246,7.4973750863496e-54,0.00234848317889124
"270",0.00334890073969751,7.37012386054759e-05,0.000118668710308125,7.20003618840871e-06,3.31773938871897e-246,3.20564688723213e-54,0.00234342125326905
"271",0.00334304427579689,7.35488331106872e-05,0.000118685187909763,7.18514736023493e-06,2.67139787931798e-246,1.99314418154944e-54,0.00233857533368397
"272",0.00333724538840991,7.34105200717413e-05,0.000118542739870833,7.1716352550847e-06,2.41934186420425e-246,1.72080285947372e-54,0.00233417750101246
"273",0.00333150000792979,7.32811543128538e-05,0.000118394257407192,7.15899722941302e-06,2.35350499160875e-246,1.54130466308973e-54,0.00233006415808148
"274",0.003325743931162,7.31385465584789e-05,0.000118305956220444,7.14506556406147e-06,2.02925310023584e-246,1.18874686502331e-54,0.00232552976966676
"275",0.00331996264358594,7.29868236619197e-05,0.000118241106775198,7.13024342041088e-06,1.61499307160581e-246,8.53770419013386e-55,0.00232070555412939
"276",0.00331407261182526,7.27995840080893e-05,0.00011824284532293,7.11195156658329e-06,9.43131421623909e-247,4.87049412000057e-55,0.00231475203974424
"277",0.00330822773596483,7.25879875867356e-05,0.000118369778052831,7.09128024653614e-06,4.33402261831039e-247,2.04050457951536e-55,0.00230802407206963
"278",0.00330246355280881,7.23779685847765e-05,0.000118578577502267,7.07076302806097e-06,1.97966691789258e-247,7.32451870820389e-56,0.0023013462603789
"279",0.00329662684493971,7.21569833645644e-05,0.000118810639713021,7.0491744955921e-06,8.24264743132008e-248,2.41260713869915e-56,0.00229431976433213
"280",0.00329080377893924,7.19516962947166e-05,0.000119010575359089,7.02911954997811e-06,3.95044207695394e-248,8.77761065981456e-57,0.00228779241022513
"281",0.00328491905806285,7.17611759071392e-05,0.00011909374693316,7.01050719405109e-06,2.19751711792782e-248,4.13703493591769e-57,0.00228173458088769
"282",0.00327904937745432,7.15876548083977e-05,0.000119072403290222,6.99355553605958e-06,1.42839389833915e-248,2.49535238269518e-57,0.00227621726478316
"283",0.00327313843819074,7.14227591619449e-05,0.000118840363394872,6.97744651748355e-06,1.01477558290262e-248,2.3027682084215e-57,0.00227097420551061
"284",0.00326737499471299,7.12716080396759e-05,0.000118478028715754,6.96268023172164e-06,7.96086473167009e-249,2.84428145374066e-57,0.00226616817023789
"285",0.00326182859039672,7.11288271838214e-05,0.000118079111277676,6.94873165570561e-06,6.46037467848692e-249,3.87135486967235e-57,0.00226162827784938
"286",0.00325651866126917,7.09972350129885e-05,0.000117649825322128,6.93587612695147e-06,5.55093554023548e-249,5.79099858919129e-57,0.00225744414342059
"287",0.00325129963769364,7.08854194183522e-05,0.000117127520978589,6.92495261544688e-06,5.6569759563301e-249,1.10254497634631e-56,0.00225388882948183
"288",0.00324624941338214,7.07876226530105e-05,0.00011661270782381,6.91539863422631e-06,6.36904974988834e-249,2.16477853800116e-56,0.00225077926141026
"289",0.00324123203794368,7.06870546630741e-05,0.000116134284061643,6.90557392597665e-06,6.9359270898659e-249,3.93386989751126e-56,0.00224758157885465
"290",0.00323625427689294,7.05828405513475e-05,0.000115705664093205,6.89539302006554e-06,7.2331310171854e-249,6.43194393128197e-56,0.00224426796338588
"291",0.00323119813613423,7.04770045133525e-05,0.000115271072053757,6.88505366460802e-06,7.55041037685545e-249,1.05921232510287e-55,0.00224090277678262
"292",0.00322614302445691,7.03738185577165e-05,0.000114862908142542,6.87497320152799e-06,8.08581531429373e-249,1.67366122913097e-55,0.00223762185279746
"293",0.00322103027104826,7.0289162764766e-05,0.000114406672147348,6.86670299081871e-06,1.04928657626063e-248,3.07327276820148e-55,0.00223493011805641
"294",0.00321584484176803,7.02165073259295e-05,0.000113921904819337,6.85960512111115e-06,1.55454244957438e-248,6.18785783062221e-55,0.00223261994928915
"295",0.00321057208731332,7.0142020811236e-05,0.000113482530137732,6.8523283695736e-06,2.30686914109669e-248,1.13637103925032e-54,0.00223025155921976
"296",0.0032051672393999,7.00880029899803e-05,0.000112950313270253,6.84705124974198e-06,4.29886016874148e-248,2.65309044738836e-54,0.00222853399635676
"297",0.00319972284555609,7.00541721032902e-05,0.000112334852474921,6.84374623597202e-06,9.83901613166709e-248,7.71187498051507e-54,0.00222745830183132
"298",0.00319416769022821,7.00316742769561e-05,0.000111629756683742,6.84154837380808e-06,2.57651005511767e-247,2.74350443321916e-53,0.00222674295585639
"299",0.00318853995776849,7.00186596728834e-05,0.000110823627304339,6.84027694849591e-06,7.51999332370108e-247,1.21063619096442e-52,0.0022263291405615
"300",NA,NA,NA,NA,NA,NA,NA
"301",NA,NA,NA,NA,NA,NA,NA
